,preferred,bias,member,Time
0,8.125,,49,168.0
1,8.500,,57,168.0
2,8.500,,71,168.0
3,8.542,A,17,168.0
4,8.564,A,13,168.0
5,9.000,,9,168.0
6,9.000,,11,168.0
7,9.000,,14,168.0
8,9.000,,32,168.0
9,9.000,,64,168.0
10,9.000,,67,168.0
11,9.125,,15,168.0
12,8.000,,33,168.0
13,8.328,LE,7,168.0
14,8.497,A,58,168.0
15,8.498,A,27,168.0
16,9.000,,26,168.0
17,9.000,,45,168.0
18,Robertson,,76,168.0
19,Brimmer,,17,169.0
20,Hayes,,76,169.0
21,Heﬂin,,13,169.0
22,Kimbrel,,33,169.0
23,Maisel,,64,169.0
24,Mitchell,,11,169.0
25,Sherrill,,32,169.0
26,Galusha,,45,169.0
27,Morris,,49,169.0
28,Baughman,,57,169.0
29,Clay,,71,169.0
30,Coldwell,,27,169.0
31,Eastburn,,58,169.0
32,Lewis,,5,169.0
33,Lewis,,14,169.0
34,Staff,proposal,15,169.0
35,Staff,proposal,22,169.0
36,7.707,LE,49,170.0
37,7.750,,32,170.0
38,8.000,,11,170.0
39,8.000,,13,170.0
40,8.000,,17,170.0
41,8.000,,33,170.0
42,8.000,,57,170.0
43,8.000,,71,170.0
44,8.000,,76,170.0
45,8.016,A,26,170.0
46,8.033,A,64,170.0
47,8.271,LT,27,170.0
48,7.659,LE,5,170.0
49,8.000,,14,170.0
50,8.000,,22,170.0
51,8.000,,45,170.0
52,8.000,,58,170.0
53,8.000,,15,170.0
54,8.000,,17,171.0
55,19,,49,171.0
56,7.971,,13,171.0
57,8.000,,33,171.0
58,Daane,,57,171.0
59,Maisel,,64,171.0
60,Burns,,71,171.0
61,Heﬂin,,32,171.0
62,Hickman,,76,171.0
63,Mitchell,,26,171.0
64,Robertson,,11,171.0
65,Sherrill,,58,171.0
66,Hayes,,5,171.0
67,Swan,,15,171.0
68,Francis,,22,171.0
69,Brimmer,,27,171.0
70,Morris,,14,171.0
71,0,,45,171.0
72,7.933,LE,17,171.0
73,8.026,LE,33,171.0
74,8.238,A,13,171.0
75,8.250,,49,171.0
76,8.500,,11,171.0
77,8.500,,26,171.0
78,8.500,,32,171.0
79,8.500,,57,171.0
80,8.500,,58,171.0
81,8.500,,64,171.0
82,8.500,,71,171.0
83,8.500,,76,171.0
84,8.500,,5,171.0
85,8.500,,7,171.0
86,8.500,,15,171.0
87,8.500,,22,171.0
88,8.500,,27,171.0
89,8.500,,45,171.0
90,12,,49,173.0
91,19,,64,173.0
92,8.418,,33,173.0
93,8.500,,11,173.0
94,Maisel,,13,173.0
95,Robertson,,17,173.0
96,Hickman,,57,173.0
97,Brimmer,,71,173.0
98,Burns,,76,173.0
99,Daane,,80,173.0
100,Heﬂin,,26,173.0
101,Mitchell,,5,173.0
102,Sherrill,,15,173.0
103,Swan,,45,173.0
104,Treiber,,14,173.0
105,Francis,,58,173.0
106,0,,22,173.0
107,7.500,,13,174.0
108,7.500,,11,174.0
109,7.500,,17,174.0
110,7.500,,26,174.0
111,7.500,,33,174.0
112,7.500,,49,174.0
113,7.500,,64,174.0
114,7.500,,71,174.0
115,7.500,,76,174.0
116,7.500,,80,174.0
117,7.500,,5,174.0
118,7.500,,14,174.0
119,7.500,,15,174.0
120,7.500,,22,174.0
121,7.500,,27,174.0
122,7.500,,45,174.0
123,7.500,,58,174.0
124,7.500,,13,175.0
125,7.500,,49,175.0
126,11,,17,175.0
127,18,,57,175.0
128,7.483,,71,175.0
129,7.500,,11,175.0
130,Burns,,26,175.0
131,Maisel,,32,175.0
132,Daane,,33,175.0
133,Heﬂin,,64,175.0
134,Mitchell,,76,175.0
135,Sherrill,,52,175.0
136,Brimmer,,15,175.0
137,Francis,,45,175.0
138,Hayes,,27,175.0
139,Hickman,,58,175.0
140,0,,14,175.0
141,6.313,,71,176.0
142,6.313,,49,176.0
143,6.313,,11,176.0
144,6.313,,13,176.0
145,6.313,,17,176.0
146,6.313,,26,176.0
147,6.313,,32,176.0
148,6.313,,33,176.0
149,6.313,,64,176.0
150,6.000,,76,176.0
151,6.000,,27,176.0
152,6.000,,52,176.0
153,6.313,,58,176.0
154,6.313,,14,176.0
155,6.313,,15,176.0
156,6.313,,22,176.0
157,6.313,,45,176.0
158,Morris,,49,177.0
159,Brimmer,,71,177.0
160,Burns,,58,177.0
161,Francis,,11,177.0
162,Hayes,,13,177.0
163,Hickman,,26,177.0
164,Mitchell,,32,177.0
165,Robertson,,33,177.0
166,Swan,,57,177.0
167,Mayo,,64,177.0
168,Galusha,,76,177.0
169,Black,,52,177.0
170,Clay,,27,177.0
171,Coldwell,,7,177.0
172,Eastburn,,14,177.0
173,Kimbrel,,15,177.0
174,Kimbrel,,22,177.0
175,0,,45,177.0
176,4.974,A,13,178.0
177,5.000,,49,178.0
178,5.000,,71,178.0
179,5.370,LT,11,178.0
180,5.375,,17,178.0
181,5.375,,26,178.0
182,5.375,,33,178.0
183,5.375,,57,178.0
184,5.375,,64,178.0
185,5.375,,76,178.0
186,5.375,,32,178.0
187,5.750,,52,178.0
188,4.500,,58,178.0
189,4.500,,27,178.0
190,5.000,,14,178.0
191,5.375,,15,178.0
192,5.375,,22,178.0
193,12,,49,179.0
194,19,,52,179.0
195,5.222,,13,179.0
196,5.375,,57,179.0
197,Maisel,,64,179.0
198,Mayo,,71,179.0
199,Burns,,76,179.0
200,Mitchell,,11,179.0
201,Robertson,,17,179.0
202,Sherrill,,32,179.0
203,Swan,,26,179.0
204,Brimmer,,27,179.0
205,Daane,,58,179.0
206,Hayes,,15,179.0
207,Heﬂin,,22,179.0
208,Francis,,45,179.0
209,0,,14,179.0
210,4.125,,49,180.0
211,4.250,,57,180.0
212,4.375,,17,180.0
213,4.375,,80,180.0
214,4.375,,13,180.0
215,4.376,A,52,180.0
216,4.389,A,64,180.0
217,4.389,A,11,180.0
218,4.500,,76,180.0
219,4.800,LT,26,180.0
220,5.375,,58,180.0
221,4.761,LT,15,180.0
222,4.250,,27,180.0
223,4.375,,45,180.0
224,4.375,,14,180.0
225,5.375,,22,180.0
226,Sherrill,,49,181.0
227,Burns,,52,181.0
228,Brimmer,,71,181.0
229,Daane,,13,181.0
230,Hayes,,11,181.0
231,Heﬂin,,17,181.0
232,Mitchell,,32,181.0
233,Robertson,,57,181.0
234,Swan,,64,181.0
235,Francis,,76,181.0
236,Morris,,26,181.0
237,Strohman,,58,181.0
238,Clay,,14,181.0
239,Coldwell,,15,181.0
240,Eastburn,,22,181.0
241,Kimbrel,,45,181.0
242,3.500,,17,182.0
243,3.500,,49,182.0
244,3.500,,57,182.0
245,3.500,,58,182.0
246,3.500,,64,182.0
247,3.500,,71,182.0
248,3.625,,13,182.0
249,3.750,,52,182.0
250,3.538,LE,32,182.0
251,4.185,LT,11,182.0
252,4.227,LT,45,182.0
253,4.500,,14,182.0
254,3.514,LE,15,182.0
255,3.500,,76,182.0
256,3.500,,22,182.0
257,3.735,,26,182.0
258,3.519,,58,183.0
259,7,,13,183.0
260,3.816,,17,183.0
261,3.625,,49,183.0
262,19,,52,183.0
263,3.765,,71,183.0
264,3.538,,11,183.0
265,Morris,,14,183.0
266,Burns,,64,183.0
267,Daane,,32,183.0
268,Maisel,,45,183.0
269,Mayo,,15,183.0
270,Sherrill,,76,183.0
271,Brimmer,,26,183.0
272,4.250,,49,184.0
273,4.250,,58,184.0
274,4.355,LE,71,184.0
275,4.435,LE,11,184.0
276,4.453,LE,13,184.0
277,4.750,,52,184.0
278,5.149,LT,57,184.0
279,4.500,,14,184.0
280,4.500,,17,184.0
281,4.750,,32,184.0
282,4.750,,64,184.0
283,4.750,,45,184.0
284,4.500,,15,184.0
285,4.750,,76,184.0
286,4.750,,22,184.0
287,4.750,,26,184.0
288,4.904,,49,185.0
289,4.750,,71,185.0
290,19,,17,185.0
291,4.696,,11,185.0
292,4.750,,13,185.0
293,Maisel,,14,185.0
294,Sherrill,,45,185.0
295,Daane,,52,185.0
296,Brimmer,,58,185.0
297,Burns,,64,185.0
298,Clay,,80,185.0
299,Kimbrel,,57,185.0
300,Mayo,,15,185.0
301,Morris,,76,185.0
302,Robertson,,22,185.0
303,0,,26,185.0
304,4.853,LE,49,185.0
305,5.125,,58,185.0
306,5.236,A,52,185.0
307,5.250,,11,185.0
308,5.250,,13,185.0
309,5.250,,14,185.0
310,5.250,,57,185.0
311,5.250,,64,185.0
312,5.265,A,17,185.0
313,5.375,,15,185.0
314,5.547,LT,32,185.0
315,5.555,LT,71,185.0
316,5.000,,76,185.0
317,5.250,,26,185.0
318,5.250,,32,187.0
319,5.500,,11,187.0
320,5.500,,14,187.0
321,5.625,,49,187.0
322,5.625,,57,187.0
323,5.682,A,58,187.0
324,5.750,,71,187.0
325,5.750,,17,187.0
326,5.500,,52,187.0
327,5.500,,13,187.0
328,5.500,,45,187.0
329,5.750,,64,187.0
330,5.750,,15,187.0
331,5.853,A,22,187.0
332,6.408,LT,76,187.0
333,6.408,LT,26,187.0
334,4.750,,64,188.0
335,4.872,A,13,188.0
336,5.000,,49,188.0
337,5.169,LT,57,188.0
338,5.375,,14,188.0
339,5.375,,52,188.0
340,5.375,,71,188.0
341,5.500,,32,188.0
342,5.563,,11,188.0
343,5.563,,17,188.0
344,5.563,,45,188.0
345,5.563,,58,188.0
346,5.375,,15,188.0
347,5.375,,76,188.0
348,5.563,,22,188.0
349,5.563,,26,188.0
350,Robertson,,49,189.0
351,Brimmer,,58,189.0
352,Daane,,71,189.0
353,Mayo,,64,189.0
354,Mitchell,,11,189.0
355,Burns,,17,189.0
356,Clay,,52,189.0
357,Hayes,,57,189.0
358,Kimbrel,,13,189.0
359,Coldwell,,14,189.0
360,MacLaury,,32,189.0
361,Swan,,45,189.0
362,Heﬂin,,15,189.0
363,Winn,,76,189.0
364,Eastburn,,59,189.0
365,Francis,,22,189.0
366,0,,26,189.0
367,4.750,,49,190.0
368,4.750,,57,190.0
369,4.750,,58,190.0
370,4.750,,64,190.0
371,4.816,A,32,190.0
372,4.823,A,13,190.0
373,5.063,,52,190.0
374,5.118,LT,14,190.0
375,5.188,,11,190.0
376,5.188,,45,190.0
377,5.188,,71,190.0
378,4.961,LT,76,190.0
379,5.063,,15,190.0
380,5.125,,7,190.0
381,5.188,,22,190.0
382,5.188,,26,190.0
383,Morris,,59,190.0
384,Robertson,,49,191.0
385,Mayo,,17,191.0
386,Clay,,45,191.0
387,Hayes,,11,191.0
388,Mitchell,,13,191.0
389,Eastburn,,58,191.0
390,Heﬂin,,64,191.0
391,MacLaury,,52,191.0
392,Swan,,14,191.0
393,Coldwell,,32,191.0
394,Winn,,57,191.0
395,Leonard,,22,191.0
396,Leonard,,76,191.0
397,Staff,proposal,15,191.0
398,Staff,proposal,59,191.0
399,3.813,,57,192.0
400,4.007,LE,17,192.0
401,4.051,LE,49,192.0
402,4.313,,58,192.0
403,4.313,,64,192.0
404,4.320,A,13,192.0
405,4.361,A,11,192.0
406,4.316,A,14,192.0
407,4.375,,52,192.0
408,4.375,,45,192.0
409,4.438,,32,192.0
410,4.500,,15,192.0
411,4.313,,59,192.0
412,4.313,,76,192.0
413,4.313,,22,192.0
414,Daane,,26,192.0
415,Burns,,70,193.0
416,Brimmer,,58,193.0
417,Kimbrel,,14,193.0
418,Maisel,,64,193.0
419,Mayo,,57,193.0
420,Hayes,,17,193.0
421,MacDonald,,13,193.0
422,MacLaury,,11,193.0
423,Coldwell,,45,193.0
424,Swan,,49,193.0
425,Willes,,52,193.0
426,Heﬂin,,32,193.0
427,Francis,,15,193.0
428,Francis,,76,193.0
429,0,,26,193.0
430,3.149,LE,57,194.0
431,3.151,LE,70,194.0
432,3.250,,13,194.0
433,3.375,,52,194.0
434,3.500,,11,194.0
435,3.500,,14,194.0
436,3.500,,17,194.0
437,3.500,,32,194.0
438,3.500,,49,194.0
439,3.500,,58,194.0
440,3.500,,64,194.0
441,3.879,LT,45,194.0
442,3.500,,76,194.0
443,3.500,,59,194.0
444,3.561,A,22,194.0
445,3.625,,15,194.0
446,3.750,,26,194.0
447,3.625,,70,195.0
448,19,,13,195.0
449,3.556,,11,195.0
450,3.500,,17,195.0
451,Sheehan,,49,195.0
452,Burns,,57,195.0
453,Brimmer,,64,195.0
454,Daane,,59,195.0
455,MacLaury,,32,195.0
456,Maisel,,15,195.0
457,Mitchell,,22,195.0
458,Robertson,,14,195.0
459,Winn,,58,195.0
460,Hayes,,52,195.0
461,Coldwell,,76,195.0
462,Eastburn,,45,195.0
463,0,,26,195.0
464,4.125,,49,196.0
465,4.186,LE,70,196.0
466,4.250,,57,196.0
467,4.298,LE,13,196.0
468,4.500,,11,196.0
469,4.500,,32,196.0
470,4.593,A,17,196.0
471,4.625,,15,196.0
472,4.625,,64,196.0
473,4.850,LT,59,196.0
474,5.021,LT,22,196.0
475,5.076,LT,76,196.0
476,4.499,A,58,196.0
477,4.500,,45,196.0
478,4.500,,52,196.0
479,4.625,,14,196.0
480,4.134,,26,196.0
481,4.554,,70,197.0
482,4.546,,11,197.0
483,7,,13,197.0
484,4.742,,17,197.0
485,4.685,,22,197.0
486,19,,32,197.0
487,4.623,,57,197.0
488,4.593,,59,197.0
489,Sheehan,,15,197.0
490,Brimmer,,7,197.0
491,Burns,,45,197.0
492,MacLaury,,52,197.0
493,Daane,,58,197.0
494,0,,14,197.0
495,Morris,,70,198.0
496,Francis,,13,198.0
497,Kimbrel,,15,198.0
498,4.729,A,22,198.0
499,4.750,,57,198.0
500,4.750,,4,198.0
501,4.750,,59,198.0
502,4.750,,11,198.0
503,4.764,A,17,198.0
504,4.801,A,80,198.0
505,4.875,,64,198.0
506,4.875,,52,198.0
507,4.875,,58,198.0
508,4.750,,26,198.0
509,4.750,,45,198.0
510,4.750,,11,198.0
511,4.764,A,13,198.0
512,4.801,A,17,198.0
513,4.875,,64,198.0
514,4.875,,70,198.0
515,4.875,,4,198.0
516,4.875,,22,198.0
517,4.978,LT,59,198.0
518,4.446,LE,32,198.0
519,4.750,,15,198.0
520,4.993,LT,52,198.0
521,0,,45,198.0
522,4.924,LE,4,200.0
523,4.750,,17,200.0
524,4.750,,57,200.0
525,4.750,,70,200.0
526,4.875,,13,200.0
527,5.000,,11,200.0
528,5.000,,59,200.0
529,5.000,,15,200.0
530,5.125,,22,200.0
531,5.125,,64,200.0
532,5.245,A,32,200.0
533,5.250,,58,200.0
534,4.750,,45,200.0
535,5.000,,26,200.0
536,5.000,,52,200.0
537,5.125,,14,200.0
538,Mitchell,,13,201.0
539,Coldwell,,70,201.0
540,Brimmer,,4,201.0
541,Eastburn,,17,201.0
542,Hayes,,57,201.0
543,MacLaury,,15,201.0
544,Robertson,,11,201.0
545,Winn,,22,201.0
546,Heﬂin,,32,201.0
547,Merritt,,64,201.0
548,Mayo,,59,201.0
549,Kimbrel,,52,201.0
550,Clay,,45,201.0
551,Morris,,14,201.0
552,Francis,,58,201.0
553,Francis,,26,201.0
554,5.125,,17,202.0
555,5.250,,13,202.0
556,5.306,A,64,202.0
557,5.346,A,32,202.0
558,5.359,A,4,202.0
559,5.361,A,70,202.0
560,5.375,A,57,202.0
561,5.396,A,11,202.0
562,5.414,A,15,202.0
563,5.431,A,22,202.0
564,5.431,A,59,202.0
565,5.431,A,11,202.0
566,go-around.,,4,202.0
567,5.346,A,13,202.0
568,5.359,A,17,202.0
569,5.361,A,22,202.0
570,5.375,A,26,202.0
571,5.396,A,32,202.0
572,5.414,A,64,202.0
573,5.431,A,70,202.0
574,5.431,A,59,202.0
575,5.431,A,57,202.0
576,go-around.,,52,202.0
577,Brimmer,,58,202.0
578,Bucher,,6,202.0
579,Burns,,14,202.0
580,0,,45,202.0
581,5.476,A,70,204.0
582,5.499,A,17,204.0
583,5.500,,13,204.0
584,5.500,,15,204.0
585,5.500,,32,204.0
586,5.502,A,57,204.0
587,5.505,A,64,204.0
588,5.516,A,11,204.0
589,5.518,A,4,204.0
590,5.531,A,22,204.0
591,5.537,A,59,204.0
592,5.571,A,58,204.0
593,5.500,,14,204.0
594,5.505,A,6,204.0
595,5.509,A,52,204.0
596,5.591,LE,45,204.0
597,5.872,A,26,204.0
598,5.930,A,70,205.0
599,5.933,,57,205.0
600,5.985,A,13,205.0
601,6.036,A,4,205.0
602,6.125,,17,205.0
603,6.125,,15,205.0
604,6.139,LT,59,205.0
605,6.194,LT,11,205.0
606,6.375,,80,205.0
607,5.938,,64,205.0
608,5.955,A,22,205.0
609,6.000,,52,205.0
610,6.250,,6,205.0
611,0,,58,205.0
612,6.207,A,13,206.0
613,6.252,A,57,206.0
614,6.313,,70,206.0
615,6.358,A,59,206.0
616,6.375,,11,206.0
617,6.375,,4,206.0
618,6.375,,15,206.0
619,6.375,,32,206.0
620,6.375,,64,206.0
621,6.527,LT,22,206.0
622,6.706,LT,7,206.0
623,6.250,,52,206.0
624,6.250,,58,206.0
625,6.250,,6,206.0
626,6.375,,45,206.0
627,6.375,,26,206.0
628,7.000,,14,206.0
629,7.000,,4,207.0
630,7.000,,13,207.0
631,7.000,,17,207.0
632,7.125,,58,207.0
633,7.125,,70,207.0
634,7.250,,57,207.0
635,7.250,,64,207.0
636,7.250,,11,207.0
637,7.125,,26,207.0
638,7.125,,6,207.0
639,7.125,,32,207.0
640,7.250,,52,207.0
641,7.250,,7,207.0
642,Staff,proposal,45,207.0
643,Staff,proposal,15,207.0
644,6.913,A,13,208.0
645,7.000,,58,208.0
646,7.000,,70,208.0
647,7.045,A,59,208.0
648,7.125,,4,208.0
649,7.245,LT,6,208.0
650,7.250,,17,208.0
651,7.250,,64,208.0
652,7.330,LT,57,208.0
653,7.331,LT,11,208.0
654,7.375,,32,208.0
655,7.500,,26,208.0
656,7.125,,7,208.0
657,7.250,,15,208.0
658,7.250,,45,208.0
659,Morris,,13,209.0
660,Sheehan,,6,209.0
661,Francis,,11,209.0
662,Hayes,,4,209.0
663,Mayo,,17,209.0
664,Black,,58,209.0
665,Clay,,70,209.0
666,Eastburn,,26,209.0
667,MacLaury,,32,209.0
668,Winn,,52,209.0
669,Kimbrel,,7,209.0
670,Coldwell,,14,209.0
671,Coldwell,,22,209.0
672,Staff,proposal,59,209.0
673,Staff,proposal,45,209.0
674,0,,15,209.0
675,MacLaury,,70,210.0
676,7.750,,4,210.0
677,8.000,,52,210.0
678,8.000,,36,210.0
679,8.253,LE,13,210.0
680,8.422,A,17,210.0
681,8.467,A,11,210.0
682,8.479,A,57,210.0
683,8.481,A,14,210.0
684,8.500,,26,210.0
685,8.500,,18,210.0
686,8.625,,58,210.0
687,8.750,,22,210.0
688,8.183,LE,7,210.0
689,8.375,,45,210.0
690,8.500,,15,210.0
691,8.000,,59,210.0
692,8.000,,4,210.0
693,8.253,LE,70,210.0
694,8.422,A,11,210.0
695,8.467,A,17,210.0
696,8.479,A,36,210.0
697,8.481,A,52,210.0
698,8.500,,58,210.0
699,8.500,,6,210.0
700,8.625,,13,210.0
701,8.750,,32,210.0
702,8.183,LE,26,210.0
703,8.375,,7,210.0
704,8.500,,14,210.0
705,8.518,A,59,210.0
706,8.560,A,45,210.0
707,0,,15,210.0
708,10.000,,52,212.0
709,10.077,LE,70,212.0
710,10.202,A,4,212.0
711,10.250,,58,212.0
712,10.484,A,17,212.0
713,10.500,,6,212.0
714,10.500,,11,212.0
715,10.500,,13,212.0
716,10.500,,26,212.0
717,10.500,,36,212.0
718,10.504,A,32,212.0
719,10.000,,7,212.0
720,10.500,,14,212.0
721,10.500,,45,212.0
722,10.500,,59,212.0
723,10.500,,22,212.0
724,Morris,,15,212.0
725,Holland,,6,213.0
726,Mayo,,4,213.0
727,Mitchell,,70,213.0
728,Daane,,26,213.0
729,Burns,,58,213.0
730,Debs,,36,213.0
731,Clay,,52,213.0
732,Eastburn,,57,213.0
733,Coldwell,,17,213.0
734,MacLaury,,13,213.0
735,Black,,18,213.0
736,Fossum,,14,213.0
737,Winn,,22,213.0
738,Winn,,15,213.0
739,Staff,proposal,7,213.0
740,0,,59,213.0
741,9.000,,6,214.0
742,9.000,,58,214.0
743,9.000,,70,214.0
744,9.107,LE,26,214.0
745,9.432,A,13,214.0
746,9.500,,4,214.0
747,9.500,,52,214.0
748,9.500,,57,214.0
749,9.625,,11,214.0
750,9.625,,36,214.0
751,9.793,LT,17,214.0
752,9.802,LT,32,214.0
753,9.500,,22,214.0
754,9.500,,14,214.0
755,9.500,,45,214.0
756,9.625,,59,214.0
757,9.750,,7,214.0
758,Balles,,15,214.0
759,Bucher,,58,215.0
760,Mayo,,70,215.0
761,Burns,,6,215.0
762,Brimmer,,4,215.0
763,Daane,,52,215.0
764,Francis,,13,215.0
765,Hayes,,11,215.0
766,Holland,,17,215.0
767,Mitchell,,26,215.0
768,Black,,32,215.0
769,Clay,,36,215.0
770,Eastburn,,57,215.0
771,Kimbrel,,7,215.0
772,Plant,,14,215.0
773,Winn,,22,215.0
774,Winn,,45,215.0
775,0,,59,215.0
776,9.000,,4,216.0
777,9.000,,58,216.0
778,9.216,LE,70,216.0
779,9.292,LE,57,216.0
780,9.321,LE,17,216.0
781,9.374,LE,6,216.0
782,9.375,,11,216.0
783,9.375,,13,216.0
784,9.625,,52,216.0
785,9.639,A,36,216.0
786,9.664,A,26,216.0
787,10.000,,32,216.0
788,9.250,,22,216.0
789,9.305,LE,59,216.0
790,9.375,,7,216.0
791,9.436,LE,14,216.0
792,9.625,,15,216.0
793,9.625,,45,216.0
794,Mayo,,4,217.0
795,Burns,,58,217.0
796,Mitchell,,70,217.0
797,Daane,,36,217.0
798,Balles,,52,217.0
799,Brimmer,,13,217.0
800,Hayes,,57,217.0
801,Francis,,17,217.0
802,Black,,6,217.0
803,Coldwell,,11,217.0
804,MacLaury,,32,217.0
805,Eastburn,,26,217.0
806,Kimbrel,,7,217.0
807,Winn,,15,217.0
808,Clay,,22,217.0
809,Clay,,45,217.0
810,Staff,proposal,59,217.0
811,Staff,proposal,14,217.0
812,8.125,,58,218.0
813,8.500,,4,218.0
814,8.500,,70,218.0
815,8.625,,52,218.0
816,8.875,,13,218.0
817,8.875,,11,218.0
818,8.875,,36,218.0
819,8.856,A,57,218.0
820,8.878,A,17,218.0
821,9.000,,32,218.0
822,9.110,LT,6,218.0
823,9.375,,26,218.0
824,8.750,,7,218.0
825,8.750,,22,218.0
826,8.750,,15,218.0
827,9.000,,45,218.0
828,9.000,,59,218.0
829,9.276,LT,14,218.0
830,Brimmer,,4,219.0
831,Clay,,7,219.0
832,Hayes,,57,219.0
833,Sheehan,,13,219.0
834,Kimbrel,,36,219.0
835,Wallich,,11,219.0
836,Winn,,14,219.0
837,Morris,,32,219.0
838,MacLaury,,70,219.0
839,Mayo,,45,219.0
840,Coldwell,,82,219.0
841,Balles,,59,219.0
842,Eastburn,,58,219.0
843,Francis,,52,219.0
844,Francis,,15,219.0
845,Staff,proposal,6,219.0
846,Staff,proposal,22,219.0
847,Number,(voters),26,219.0
848,9.299,LE,4,220.0
849,10.000,,36,220.0
850,10.000,,57,220.0
851,10.050,A,59,220.0
852,10.000,,7,220.0
853,10.154,LT,13,220.0
854,10.220,LT,32,220.0
855,10.250,,82,220.0
856,10.250,,70,220.0
857,10.250,,14,220.0
858,10.250,,11,220.0
859,10.375,,45,220.0
860,10.500,,52,220.0
861,10.625,,58,220.0
862,10.625,,22,220.0
863,10.250,,15,220.0
864,Burns,,11,221.0
865,Sheehan,,7,221.0
866,Hayes,,36,221.0
867,Mitchell,,4,221.0
868,Wallich,,13,221.0
869,Kimbrel,,70,221.0
870,Winn,,32,221.0
871,Clay,,57,221.0
872,Mayo,,82,221.0
873,Coldwell,,45,221.0
874,MacLaury,,59,221.0
875,Morris,,14,221.0
876,Balles,,52,221.0
877,Willes,,15,221.0
878,Francis,,58,221.0
879,Francis,,6,221.0
880,0,,26,221.0
881,11.597,A,70,222.0
882,11.500,,4,222.0
883,11.500,,13,222.0
884,11.500,,36,222.0
885,11.500,,57,222.0
886,11.750,,59,222.0
887,11.750,,7,222.0
888,11.750,,11,222.0
889,11.750,,18,222.0
890,12.000,,45,222.0
891,12.250,,82,222.0
892,11.375,,14,222.0
893,11.375,,15,222.0
894,11.500,,58,222.0
895,11.625,,52,222.0
896,11.750,,6,222.0
897,11.750,,22,222.0
898,Burns,,4,223.0
899,Hayes,,70,223.0
900,Holland,,7,223.0
901,Kimbrel,,13,223.0
902,Mitchell,,32,223.0
903,Wallich,,36,223.0
904,Winn,,45,223.0
905,Clay,,57,223.0
906,Francis,,82,223.0
907,Mayo,,59,223.0
908,Morris,,14,223.0
909,Van,Nice,26,223.0
910,Balles,,52,223.0
911,Eastburn,,58,223.0
912,Coldwell,,6,223.0
913,Coldwell,,22,223.0
914,Staff,proposal,15,223.0
915,11.053,LE,4,224.0
916,11.750,,36,224.0
917,11.750,,57,224.0
918,11.811,A,59,224.0
919,12.000,,7,224.0
920,12.000,,13,224.0
921,12.000,,14,224.0
922,12.000,,45,224.0
923,12.000,,70,224.0
924,12.000,,82,224.0
925,12.250,,32,224.0
926,10.750,,22,224.0
927,11.500,,58,224.0
928,11.750,,6,224.0
929,11.750,,14,225.0
930,Sheehan,,4,225.0
931,Winn,,82,225.0
932,Kimbrel,,57,225.0
933,Hayes,,7,225.0
934,Balles,,13,225.0
935,Eastburn,,36,225.0
936,MacLaury,,70,225.0
937,Mayo,,59,225.0
938,Morris,,45,225.0
939,Francis,,32,225.0
940,Coldwell,,6,225.0
941,Coldwell,,22,225.0
942,Staff,proposal,52,225.0
943,Staff,proposal,58,225.0
944,Number,(voters),26,225.0
945,0,,15,225.0
946,9.500,,82,226.0
947,9.625,,36,226.0
948,9.750,,7,226.0
949,9.750,,4,226.0
950,9.750,,13,226.0
951,9.750,,70,226.0
952,9.750,,59,226.0
953,9.875,,45,226.0
954,10.000,,14,226.0
955,10.000,,57,226.0
956,10.500,,32,226.0
957,9.375,,52,226.0
958,9.375,,58,226.0
959,9.750,,15,226.0
960,9.750,,22,226.0
961,9.750,,4,227.0
962,Hayes,,36,227.0
963,Mitchell,,7,227.0
964,Sheehan,,13,227.0
965,Wallich,,15,227.0
966,Winn,,32,227.0
967,Clay,,57,227.0
968,Kimbrel,,70,227.0
969,Morris,,82,227.0
970,Eastburn,,59,227.0
971,MacLaury,,14,227.0
972,Mayo,,45,227.0
973,Balles,,58,227.0
974,Francis,,22,227.0
975,Plant,,52,227.0
976,Plant,,6,227.0
977,Staff,proposal,26,227.0
978,7.788,LE,57,228.0
979,8.210,A,4,228.0
980,8.000,,15,228.0
981,8.000,,82,228.0
982,8.000,,59,228.0
983,8.250,,7,228.0
984,8.250,,13,228.0
985,8.250,,36,228.0
986,8.250,,45,228.0
987,8.250,,70,228.0
988,8.500,,32,228.0
989,8.750,,14,228.0
990,7.375,,58,228.0
991,7.814,LE,52,228.0
992,7.847,LE,6,228.0
993,8.000,,22,228.0
994,8.000,,5,228.0
995,8.375,,26,228.0
996,Mitchell,,70,229.0
997,Wallich,,4,229.0
998,Black,,59,229.0
999,Holland,,14,229.0
1000,Kimbrel,,57,229.0
1001,Coldwell,,82,229.0
1002,Debs,,7,229.0
1003,Burns,,36,229.0
1004,Balles,,45,229.0
1005,Eastburn,,15,229.0
1006,Morris,,18,229.0
1007,MacLaury,,13,229.0
1008,Mayo,,6,229.0
1009,Baughman,,22,229.0
1010,Francis,,58,229.0
1011,Francis,,52,229.0
1012,Staff,proposal,5,229.0
1013,Staff,proposal,26,229.0
1014,5.718,A,4,230.0
1015,5.250,,59,230.0
1016,5.250,,14,230.0
1017,5.500,,15,230.0
1018,5.500,,13,230.0
1019,5.750,,7,230.0
1020,5.750,,36,230.0
1021,5.750,,57,230.0
1022,6.000,,32,230.0
1023,6.000,,45,230.0
1024,6.000,,82,230.0
1025,4.500,,6,230.0
1026,4.500,,22,230.0
1027,4.875,,58,230.0
1028,5.000,,5,230.0
1029,5.250,,52,230.0
1030,5.250,,26,230.0
1031,Mayo,,4,231.0
1032,Mitchell,,70,231.0
1033,Holland,,15,231.0
1034,Burns,,5,231.0
1035,Hayes,,22,231.0
1036,Wallich,,52,231.0
1037,Balles,,57,231.0
1038,Morris,,36,231.0
1039,Winn,,13,231.0
1040,Black,,32,231.0
1041,Kimbrel,,82,231.0
1042,Clay,,6,231.0
1043,Francis,,58,231.0
1044,Francis,,59,231.0
1045,Staff,proposal,7,231.0
1046,Staff,proposal,45,231.0
1047,Number,(voters),14,231.0
1048,0,,26,231.0
1049,4.500,,4,232.0
1050,5.125,,22,232.0
1051,5.125,,36,232.0
1052,5.250,,5,232.0
1053,5.250,,15,232.0
1054,5.250,,52,232.0
1055,5.375,,32,232.0
1056,5.375,,57,232.0
1057,5.500,,13,232.0
1058,5.899,A,82,232.0
1059,6.000,,6,232.0
1060,5.250,,7,232.0
1061,5.250,,58,232.0
1062,5.250,,59,232.0
1063,5.499,LE,14,232.0
1064,5.750,,45,232.0
1065,6.000,,26,232.0
1066,5.574,,22,233.0
1067,5.499,,4,233.0
1068,18,,52,233.0
1069,5.426,,5,233.0
1070,5.313,,15,233.0
1071,Eastburn,,57,233.0
1072,Bucher,,32,233.0
1073,Mayo,,36,233.0
1074,Baughman,,13,233.0
1075,Coldwell,,82,233.0
1076,Mitchell,,6,233.0
1077,Hayes,,58,233.0
1078,Holland,,7,233.0
1079,MacLaury,,45,233.0
1080,Burns,,14,233.0
1081,Wallich,,59,233.0
1082,0,,26,233.0
1083,5.000,,4,234.0
1084,5.250,,22,234.0
1085,5.375,,15,234.0
1086,5.438,,36,234.0
1087,5.500,,18,234.0
1088,5.500,,52,234.0
1089,5.500,,57,234.0
1090,5.500,,5,234.0
1091,5.750,,13,234.0
1092,5.886,A,82,234.0
1093,6.000,,6,234.0
1094,5.250,,58,234.0
1095,5.250,,7,234.0
1096,5.500,,45,234.0
1097,5.500,,59,234.0
1098,5.500,,14,234.0
1099,MacLaury,,26,234.0
1100,Eastburn,,4,235.0
1101,Mayo,,39,235.0
1102,Burns,,36,235.0
1103,Coldwell,,5,235.0
1104,Debs,,22,235.0
1105,Wallich,,52,235.0
1106,Black,,13,235.0
1107,Balles,,15,235.0
1108,Clay,,18,235.0
1109,Morris,,82,235.0
1110,Kimbrel,,7,235.0
1111,Leonard,,6,235.0
1112,Leonard,,14,235.0
1113,Staff,proposal,58,235.0
1114,Staff,proposal,45,235.0
1115,6.625,,52,236.0
1116,6.744,A,57,236.0
1117,6.125,,13,236.0
1118,6.125,,36,236.0
1119,6.188,,15,236.0
1120,6.188,,81,236.0
1121,6.250,,4,236.0
1122,6.250,,39,236.0
1123,6.375,,82,236.0
1124,6.750,,5,236.0
1125,6.750,,22,236.0
1126,6.125,,58,236.0
1127,6.188,,6,236.0
1128,6.375,,45,236.0
1129,6.375,,15,236.0
1130,6.744,A,4,236.0
1131,6.125,,36,236.0
1132,6.125,,52,236.0
1133,6.188,,81,236.0
1134,6.188,,22,236.0
1135,6.250,,39,236.0
1136,6.250,,57,236.0
1137,6.375,,13,236.0
1138,6.750,,82,236.0
1139,6.750,,5,236.0
1140,6.125,,6,236.0
1141,6.188,,58,236.0
1142,6.375,,45,236.0
1143,6.375,,59,236.0
1144,Coldwell,,7,236.0
1145,Bucher,,14,236.0
1146,0,,26,236.0
1147,5.500,,15,238.0
1148,5.500,,22,238.0
1149,5.500,,52,238.0
1150,5.500,,82,238.0
1151,5.750,,36,238.0
1152,5.750,,39,238.0
1153,5.750,,57,238.0
1154,5.750,,5,238.0
1155,5.875,,13,238.0
1156,5.875,,81,238.0
1157,5.875,,6,238.0
1158,5.500,,58,238.0
1159,5.500,,7,238.0
1160,5.500,,45,238.0
1161,5.500,,22,239.0
1162,16,,82,239.0
1163,5.664,,5,239.0
1164,5.750,,15,239.0
1165,Eastburn,,57,239.0
1166,Wallich,,4,239.0
1167,Baughman,,13,239.0
1168,Coldwell,,52,239.0
1169,MacLaury,,36,239.0
1170,Mitchell,,39,239.0
1171,Bucher,,81,239.0
1172,Burns,,7,239.0
1173,Mayo,,14,239.0
1174,Holland,,45,239.0
1175,0,,58,239.0
1176,4.987,LE,5,240.0
1177,5.000,,15,240.0
1178,5.000,,39,240.0
1179,5.000,,57,240.0
1180,5.200,A,22,240.0
1181,5.211,A,13,240.0
1182,5.250,,36,240.0
1183,5.250,,52,240.0
1184,5.250,,81,240.0
1185,5.250,,82,240.0
1186,5.250,,6,240.0
1187,5.000,,59,240.0
1188,5.000,,7,240.0
1189,5.250,,14,240.0
1190,Burns,,26,240.0
1191,MacLaury,,45,240.0
1192,Holland,,58,240.0
1193,Wallich,,15,241.0
1194,4.625,,57,241.0
1195,4.625,,61,241.0
1196,4.625,,81,241.0
1197,4.764,LE,39,241.0
1198,4.767,A,5,241.0
1199,4.782,A,52,241.0
1200,4.829,A,22,241.0
1201,4.833,A,13,241.0
1202,4.860,A,36,241.0
1203,4.863,A,82,241.0
1204,4.500,,22,242.0
1205,4.750,,5,242.0
1206,4.750,,13,242.0
1207,4.750,,15,242.0
1208,4.750,,36,242.0
1209,4.750,,39,242.0
1210,4.750,,52,242.0
1211,4.750,,61,242.0
1212,4.750,,81,242.0
1213,4.875,,82,242.0
1214,4.875,,6,242.0
1215,4.750,,7,242.0
1216,4.750,,14,242.0
1217,4.750,,58,242.0
1218,4.750,,59,242.0
1219,5.000,,45,242.0
1220,4.734,,13,243.0
1221,4.750,,59,243.0
1222,17,,6,243.0
1223,4.744,,15,243.0
1224,4.750,,29,243.0
1225,Burns,,39,243.0
1226,Winn,,61,243.0
1227,Balles,,36,243.0
1228,Coldwell,,7,243.0
1229,Gardner,,81,243.0
1230,Jackson,,82,243.0
1231,Partee,,45,243.0
1232,Holland,,5,243.0
1233,Black,,22,243.0
1234,Volcker,,52,243.0
1235,Wallich,,58,243.0
1236,0,,31,243.0
1237,4.750,,15,244.0
1238,4.875,,61,244.0
1239,4.875,,7,244.0
1240,4.875,,13,244.0
1241,4.875,,15,244.0
1242,4.875,,29,244.0
1243,4.875,,39,244.0
1244,5.000,,81,244.0
1245,5.000,,59,244.0
1246,5.000,,6,244.0
1247,4.725,A,45,244.0
1248,4.750,,82,244.0
1249,4.875,,5,244.0
1250,5.000,,52,244.0
1251,4.750,,31,244.0
1252,4.757,,7,245.0
1253,4.885,,13,245.0
1254,4.875,,29,245.0
1255,4,,81,245.0
1256,4.837,,6,245.0
1257,4.813,,39,245.0
1258,15,,45,245.0
1259,4.872,,61,245.0
1260,4.875,,82,245.0
1261,Black,,59,245.0
1262,Burns,,5,245.0
1263,Gardner,,52,245.0
1264,Volcker,,31,245.0
1265,0,,66,245.0
1266,5.483,A,59,246.0
1267,5.500,,6,246.0
1268,5.500,,5,246.0
1269,5.500,,7,246.0
1270,5.500,,13,246.0
1271,5.500,,15,246.0
1272,5.500,,29,246.0
1273,5.500,,39,246.0
1274,5.500,,61,246.0
1275,5.500,,81,246.0
1276,5.500,,82,246.0
1277,5.500,,48,246.0
1278,5.500,,22,246.0
1279,5.500,,52,246.0
1280,5.500,,58,246.0
1281,5.250,,66,246.0
1282,5.250,,31,246.0
1283,5.250,,48,247.0
1284,5.250,,6,247.0
1285,5.250,,7,247.0
1286,5.250,,13,247.0
1287,5.250,,15,247.0
1288,5.250,,29,247.0
1289,5.250,,39,247.0
1290,5.297,A,61,247.0
1291,5.375,,82,247.0
1292,5.250,,59,247.0
1293,5.250,,45,247.0
1294,5.375,,81,247.0
1295,5.375,,52,247.0
1296,0,,31,247.0
1297,5.125,,81,248.0
1298,5.138,LE,61,248.0
1299,5.194,A,59,248.0
1300,5.223,A,15,248.0
1301,5.250,,7,248.0
1302,5.250,,13,248.0
1303,5.250,,29,248.0
1304,5.250,,31,248.0
1305,5.250,,39,248.0
1306,5.250,,45,248.0
1307,5.250,,82,248.0
1308,5.260,A,48,248.0
1309,5.125,,22,248.0
1310,5.250,,5,248.0
1311,5.250,,52,248.0
1312,5.250,,58,248.0
1313,5.250,,15,249.0
1314,5.250,,59,249.0
1315,5.250,,6,249.0
1316,5.250,,7,249.0
1317,5.250,,13,249.0
1318,5.250,,29,249.0
1319,5.250,,39,249.0
1320,5.251,A,45,249.0
1321,5.201,A,81,249.0
1322,5.250,,82,249.0
1323,5.250,,48,249.0
1324,5.250,,5,249.0
1325,5.250,,22,249.0
1326,5.250,,52,249.0
1327,0,,58,249.0
1328,4.750,,6,250.0
1329,4.750,,39,250.0
1330,4.750,,48,250.0
1331,4.750,,61,250.0
1332,4.750,,82,250.0
1333,4.750,,59,250.0
1334,4.875,,13,250.0
1335,4.875,,15,250.0
1336,4.875,,29,250.0
1337,4.875,,45,250.0
1338,5.000,,7,250.0
1339,5.000,,81,250.0
1340,4.750,,5,250.0
1341,4.750,,22,250.0
1342,4.750,,58,250.0
1343,4.875,,31,250.0
1344,4.875,,66,250.0
1345,Winn,,52,250.0
1346,Black,,15,251.0
1347,Burns,,39,251.0
1348,Gardner,,48,251.0
1349,Guffey,,61,251.0
1350,Kimbrel,,82,251.0
1351,Volcker,,59,251.0
1352,Eastburn,,7,251.0
1353,Baughman,,13,251.0
1354,Morris,,29,251.0
1355,MacLaury,,31,251.0
1356,Mayo,,45,251.0
1357,Williams,,81,251.0
1358,Roos,,22,251.0
1359,Roos,,5,251.0
1360,Staff,proposal,58,251.0
1361,Staff,proposal,52,251.0
1362,0,,66,251.0
1363,4.500,,6,252.0
1364,4.500,,15,252.0
1365,4.500,,48,252.0
1366,4.500,,61,252.0
1367,4.500,,59,252.0
1368,4.625,,7,252.0
1369,4.625,,13,252.0
1370,4.625,,29,252.0
1371,4.625,,39,252.0
1372,4.625,,45,252.0
1373,4.625,,81,252.0
1374,4.625,,82,252.0
1375,4.375,,58,252.0
1376,4.500,,5,252.0
1377,4.500,,22,252.0
1378,4.500,,52,252.0
1379,4.625,,31,252.0
1380,4.625,,66,252.0
1381,4.656,A,7,253.0
1382,4.750,,39,253.0
1383,4.750,,59,253.0
1384,4.750,,45,253.0
1385,4.750,,6,253.0
1386,4.750,,13,253.0
1387,4.750,,15,253.0
1388,4.750,,29,253.0
1389,4.750,,48,253.0
1390,4.625,,61,253.0
1391,4.625,,81,253.0
1392,4.750,,82,253.0
1393,4.750,,31,253.0
1394,4.750,,58,253.0
1395,4.750,,5,253.0
1396,Staff,proposal,22,253.0
1397,0,,52,253.0
1398,4.625,,13,254.0
1399,4.625,,15,254.0
1400,4.625,,29,254.0
1401,4.625,,39,254.0
1402,4.625,,45,254.0
1403,4.625,,59,254.0
1404,4.688,,48,254.0
1405,4.688,,81,254.0
1406,4.750,,61,254.0
1407,4.750,,82,254.0
1408,4.625,,7,254.0
1409,4.625,,6,254.0
1410,4.625,,5,254.0
1411,4.625,,22,254.0
1412,4.625,,52,254.0
1413,4.750,,58,254.0
1414,4.750,,66,254.0
1415,4.683,,31,254.0
1416,4.661,,13,255.0
1417,4.625,,15,255.0
1418,12,,29,255.0
1419,19,,48,255.0
1420,4.683,,52,255.0
1421,4.625,,58,255.0
1422,Burns,,61,255.0
1423,Coldwell,,81,255.0
1424,Gardner,,31,255.0
1425,Lilly,,82,255.0
1426,Mayo,,66,255.0
1427,Morris,,39,255.0
1428,Partee,,59,255.0
1429,Volcker,,5,255.0
1430,Guffey,,7,255.0
1431,Wallich,,6,255.0
1432,Roos,,22,255.0
1433,0,,45,255.0
1434,4.750,,13,256.0
1435,4.750,,15,256.0
1436,4.750,,58,256.0
1437,4.750,,61,256.0
1438,4.750,,66,256.0
1439,4.763,A,81,256.0
1440,4.813,,48,256.0
1441,4.813,,31,256.0
1442,4.869,LT,52,256.0
1443,4.875,,29,256.0
1444,5.000,,39,256.0
1445,4.750,,82,256.0
1446,4.750,,5,256.0
1447,4.750,,7,256.0
1448,4.750,,22,256.0
1449,4.875,,45,256.0
1450,4.750,,29,256.0
1451,4.750,,15,256.0
1452,4.750,,39,256.0
1453,4.750,,48,256.0
1454,4.750,,61,256.0
1455,4.763,A,13,256.0
1456,4.813,,31,256.0
1457,4.813,,52,256.0
1458,4.869,LT,81,256.0
1459,4.875,,58,256.0
1460,5.000,,66,256.0
1461,4.750,,82,256.0
1462,4.750,,59,256.0
1463,4.750,,5,256.0
1464,4.750,,7,256.0
1465,4.875,,22,256.0
1466,Gardner,,6,256.0
1467,0,,45,256.0
1468,0,,13,258.0
1469,Burns,,29,258.0
1470,Coldwell,,31,258.0
1471,Gardner,,48,258.0
1472,Guffey,,52,258.0
1473,Jackson,,58,258.0
1474,Lilly,,81,258.0
1475,Mayo,,82,258.0
1476,Morris,,15,258.0
1477,Partee,,39,258.0
1478,Volcker,,61,258.0
1479,Wallich,,66,258.0
1480,Roos,,6,258.0
1481,Balles,,59,258.0
1482,Black,,5,258.0
1483,Eastburn,,7,258.0
1484,Fossum,,22,258.0
1485,5.458,,45,258.0
1486,5.375,,13,259.0
1487,Burns,,15,259.0
1488,Gardner,,29,259.0
1489,Guffey,,31,259.0
1490,Lilly,,39,259.0
1491,Mayo,,48,259.0
1492,Morris,,52,259.0
1493,Volcker,,58,259.0
1494,Wallich,,61,259.0
1495,Coldwell,,81,259.0
1496,Jackson,,82,259.0
1497,Partee,,66,259.0
1498,Roos,,6,259.0
1499,Balles,,7,259.0
1500,Winn,,22,259.0
1501,Baughman,,59,259.0
1502,0,,5,259.0
1503,6.000,,13,260.0
1504,6.000,,15,260.0
1505,6.000,,29,260.0
1506,6.000,,31,260.0
1507,6.000,,39,260.0
1508,6.000,,48,260.0
1509,6.000,,52,260.0
1510,6.000,,58,260.0
1511,6.000,,61,260.0
1512,6.000,,81,260.0
1513,6.000,,82,260.0
1514,6.250,,66,260.0
1515,6.000,,5,260.0
1516,6.000,,22,260.0
1517,6.000,,45,260.0
1518,6.000,,59,260.0
1519,6.000,,6,260.0
1520,Wallich,,13,261.0
1521,Coldwell,,29,261.0
1522,Guffey,,48,261.0
1523,Jackson,,61,261.0
1524,Volcker,,82,261.0
1525,Mayo,,15,261.0
1526,Morris,,31,261.0
1527,Roos,,39,261.0
1528,Black,,81,261.0
1529,Baughman,,52,261.0
1530,Eastburn,,58,261.0
1531,Winn,,66,261.0
1532,Willes,,7,261.0
1533,Balles,,5,261.0
1534,Kimbrel,,22,261.0
1535,Kimbrel,,59,261.0
1536,Staff,proposal,6,261.0
1537,0,,45,261.0
1538,6.500,,13,262.0
1539,6.500,,15,262.0
1540,6.500,,29,262.0
1541,6.500,,48,262.0
1542,6.500,,52,262.0
1543,6.500,,81,262.0
1544,6.625,,31,262.0
1545,6.625,,39,262.0
1546,6.625,,61,262.0
1547,6.625,,82,262.0
1548,6.750,,58,262.0
1549,6.750,,66,262.0
1550,6.625,,7,262.0
1551,6.625,,59,262.0
1552,6.625,,6,262.0
1553,6.750,,5,262.0
1554,6.750,,45,262.0
1555,Lilly,,13,263.0
1556,Mayo,,15,263.0
1557,Morris,,29,263.0
1558,Partee,,31,263.0
1559,Roos,,39,263.0
1560,Volcker,,48,263.0
1561,Wallich,,52,263.0
1562,Balles,,58,263.0
1563,Black,,61,263.0
1564,Eastburn,,66,263.0
1565,Kimbrel,,81,263.0
1566,Willes,,82,263.0
1567,Winn,,6,263.0
1568,Baughman,,7,263.0
1569,Baughman,,22,263.0
1570,Staff,proposal,45,263.0
1571,Staff,proposal,59,263.0
1572,0,,5,263.0
1573,6.486,A,39,264.0
1574,6.500,,13,264.0
1575,6.500,,15,264.0
1576,6.500,,29,264.0
1577,6.500,,31,264.0
1578,6.500,,48,264.0
1579,6.500,,52,264.0
1580,6.500,,58,264.0
1581,6.500,,61,264.0
1582,6.500,,81,264.0
1583,6.500,,82,264.0
1584,6.666,LT,66,264.0
1585,6.498,A,22,264.0
1586,6.500,,6,264.0
1587,6.500,,5,264.0
1588,6.500,,7,264.0
1589,6.500,,45,264.0
1590,Mayo,,59,264.0
1591,Morris,,13,265.0
1592,Partee,,15,265.0
1593,Volcker,,31,265.0
1594,Wallich,,48,265.0
1595,Gardner,,52,265.0
1596,Roos,,58,265.0
1597,Balles,,61,265.0
1598,Baughman,,81,265.0
1599,Black,,82,265.0
1600,Eastburn,,29,265.0
1601,Winn,,66,265.0
1602,Kimbrel,,6,265.0
1603,Willes,,5,265.0
1604,Willes,,7,265.0
1605,Staff,proposal,22,265.0
1606,Staff,proposal,59,265.0
1607,0,,45,265.0
1608,Guffey,,13,266.0
1609,Balles,,15,266.0
1610,Baughman,,39,266.0
1611,Eastburn,,52,266.0
1612,Kimbrel,,58,266.0
1613,Willes,,61,266.0
1614,Winn,,66,266.0
1615,Guffey,,81,266.0
1616,Balles,,82,266.0
1617,Baughman,,31,266.0
1618,Eastburn,,6,266.0
1619,Kimbrel,,5,266.0
1620,Willes,,22,266.0
1621,Winn,,45,266.0
1622,0,,59,266.0
1623,0,,7,266.0
1624,6.625,BS,2,349.0
1625,6.625,BT,8,349.0
1626,6.625,BT,10,349.0
1627,6.625,,35,349.0
1628,6.625,BT,41,349.0
1629,6.625,BT,43,349.0
1630,6.625,BS,69,349.0
1631,6.875,BT,16,349.0
1632,6.875,,30,349.0
1633,6.875,BT,42,349.0
1634,6.875,,75,349.0
1635,6.625,BT,7,349.0
1636,6.625,,31,349.0
1637,6.625,BT,54,349.0
1638,6.875,BT,25,349.0
1639,6.875,,90,349.0
1640,6.875,BT,58,349.0
1641,6.804,,60,349.0
1642,6.875,,35,350.0
1643,18,,69,350.0
1644,6.750,,2,350.0
1645,6.625,,8,350.0
1646,Heller,,10,350.0
1647,Seger,,16,350.0
1648,Angell,,30,350.0
1649,Boehne,,41,350.0
1650,Boykin,,42,350.0
1651,Corrigan,,43,350.0
1652,Greenspan,,75,350.0
1653,Johnson,,31,350.0
1654,Keehn,,25,350.0
1655,Kelley,,54,350.0
1656,Stern,,7,350.0
1657,Guffey,,90,350.0
1658,0,,60,350.0
1659,6.625,BE,69,351.0
1660,6.750,BS,8,351.0
1661,6.750,BS,10,351.0
1662,6.750,BE,35,351.0
1663,6.750,BE,41,351.0
1664,6.813,,2,351.0
1665,6.813,,16,351.0
1666,6.813,,30,351.0
1667,6.813,BE,42,351.0
1668,6.813,BE,43,351.0
1669,6.813,BE,75,351.0
1670,6.750,BE,25,351.0
1671,6.813,BE,7,351.0
1672,6.813,BE,31,351.0
1673,6.813,,101,351.0
1674,6.813,BS,54,351.0
1675,6.813,A,58,351.0
1676,6.875,BS,60,351.0
1677,6.813,,69,352.0
1678,18,,35,352.0
1679,6.788,,43,352.0
1680,6.813,,2,352.0
1681,Seger,,8,352.0
1682,Heller,,10,352.0
1683,Kelley,,16,352.0
1684,Angell,,30,352.0
1685,Boehne,,41,352.0
1686,Boykin,,42,352.0
1687,Corrigan,,75,352.0
1688,Greenspan,,7,352.0
1689,Johnson,,9999,352.0
1690,Keehn,,58,352.0
1691,Stern,,60,352.0
1692,Black,,31,352.0
1693,Guynn,,101,352.0
1694,0,,54,352.0
1695,6.438,,35,353.0
1696,6.438,,69,353.0
1697,6.469,BE,43,353.0
1698,6.500,,16,353.0
1699,6.500,,41,353.0
1700,6.500,,75,353.0
1701,6.624,A,30,353.0
1702,6.625,,2,353.0
1703,6.625,BS,8,353.0
1704,6.625,,10,353.0
1705,6.625,,42,353.0
1706,6.500,BE,25,353.0
1707,6.509,LE,7,353.0
1708,6.625,,31,353.0
1709,6.625,,101,353.0
1710,6.625,,54,353.0
1711,6.625,,58,353.0
1712,6.625,,60,353.0
1713,6.591,,2,355.0
1714,6.625,,25,355.0
1715,18,,30,355.0
1716,6.561,,35,355.0
1717,6.625,,41,355.0
1718,Angell,,43,355.0
1719,Forrestal,,69,355.0
1720,Greenspan,,7,355.0
1721,Heller,,16,355.0
1722,Johnson,,101,355.0
1723,Kelley,,60,355.0
1724,Seger,,42,355.0
1725,Black,,8,355.0
1726,Corrigan,,10,355.0
1727,Hoskins,,31,355.0
1728,Parry,,58,355.0
1729,Keehn,,75,355.0
1730,0,,54,355.0
1731,7.375,BT,2,356.0
1732,7.375,BT,35,356.0
1733,7.375,BT,41,356.0
1734,7.375,BT,43,356.0
1735,7.375,BT,69,356.0
1736,7.500,BT,16,356.0
1737,7.500,BT,30,356.0
1738,7.625,BT,25,356.0
1739,7.750,,7,356.0
1740,8.000,,101,356.0
1741,8.000,,60,356.0
1742,7.375,BT,8,356.0
1743,7.500,BT,10,356.0
1744,7.500,,31,356.0
1745,7.500,BT,42,356.0
1746,7.500,BT,54,356.0
1747,7.500,BT,58,356.0
1748,7.500,BT,75,356.0
1749,7.500,,2,357.0
1750,18,,7,357.0
1751,7.535,,16,357.0
1752,7.500,,25,357.0
1753,Angell,,30,357.0
1754,Black,,35,357.0
1755,Corrigan,,41,357.0
1756,Forrestal,,100,357.0
1757,Greenspan,,60,357.0
1758,Heller,,69,357.0
1759,Johnson,,101,357.0
1760,LaWare,,8,357.0
1761,Parry,,10,357.0
1762,Seger,,31,357.0
1763,Hoskins,,42,357.0
1764,Boehne,,54,357.0
1765,Boykin,,75,357.0
1766,0,,58,357.0
1767,8.125,BT,2,358.0
1768,8.125,BT,7,358.0
1769,8.125,BT,16,358.0
1770,8.125,BT,25,358.0
1771,8.125,BT,30,358.0
1772,8.125,BT,35,358.0
1773,8.125,BT,41,358.0
1774,8.125,BT,43,358.0
1775,8.125,BT,100,358.0
1776,8.125,BT,60,358.0
1777,8.125,BT,69,358.0
1778,8.125,BT,101,358.0
1779,8.125,BT,8,358.0
1780,8.125,BT,10,358.0
1781,8.125,BT,31,358.0
1782,8.125,BT,54,358.0
1783,8.125,BT,58,358.0
1784,8.125,BT,75,358.0
1785,Keehn,,42,358.0
1786,8.125,BT,2,358.0
1787,8.125,BT,7,358.0
1788,8.125,BT,16,358.0
1789,8.125,BT,25,358.0
1790,8.125,BT,30,358.0
1791,8.125,BT,35,358.0
1792,8.125,BT,41,358.0
1793,8.125,BT,43,358.0
1794,8.125,BT,100,358.0
1795,8.125,BT,60,358.0
1796,8.125,BT,69,358.0
1797,8.125,BT,101,358.0
1798,8.125,BT,8,358.0
1799,8.125,BT,10,358.0
1800,8.125,BT,31,358.0
1801,8.125,BT,54,358.0
1802,8.125,BT,58,358.0
1803,8.125,BT,75,358.0
1804,0,,42,358.0
1805,8.938,,69,360.0
1806,BT,,35,360.0
1807,12,,2,360.0
1808,8.438,,7,360.0
1809,8.902,,25,360.0
1810,8.938,,30,360.0
1811,7,,41,360.0
1812,8.804,,43,360.0
1813,8.813,,100,360.0
1814,19,,101,360.0
1815,8.866,,16,360.0
1816,8.938,,60,360.0
1817,Angell,,54,360.0
1818,Greenspan,,31,360.0
1819,Heller,,42,360.0
1820,Johnson,,75,360.0
1821,Kelley,,8,360.0
1822,LaWare,,10,360.0
1823,Mean,(all),2,361.0
1824,Median,(all),30,361.0
1825,8.938,,35,361.0
1826,BT,,41,361.0
1827,12,,43,361.0
1828,8.438,,100,361.0
1829,8.902,,69,361.0
1830,8.938,,16,361.0
1831,7,,25,361.0
1832,8.804,,7,361.0
1833,8.813,,101,361.0
1834,19,,60,361.0
1835,8.866,,99,361.0
1836,8.938,,10,361.0
1837,Angell,,31,361.0
1838,Greenspan,,42,361.0
1839,Heller,,75,361.0
1840,Johnson,,8,361.0
1841,0,,54,361.0
1842,9.750,BS,2,362.0
1843,9.750,BT,30,362.0
1844,9.750,BT,31,362.0
1845,9.750,BT,35,362.0
1846,9.750,BT,41,362.0
1847,9.750,BT,42,362.0
1848,9.750,BS,43,362.0
1849,9.750,BT,100,362.0
1850,9.750,BS,54,362.0
1851,9.750,BS,69,362.0
1852,9.909,LT,16,362.0
1853,9.918,LT,99,362.0
1854,9.750,BT,7,362.0
1855,9.750,BT,10,362.0
1856,9.750,BT,75,362.0
1857,9.985,LT,25,362.0
1858,10.000,,60,362.0
1859,10.000,,101,362.0
1860,Hoskins,,54,362.0
1861,9.750,BS,69,362.0
1862,9.750,BT,35,362.0
1863,9.750,BT,41,362.0
1864,9.750,BT,2,362.0
1865,9.750,BT,16,362.0
1866,9.750,BT,30,362.0
1867,9.750,BS,31,362.0
1868,9.750,BT,42,362.0
1869,9.750,BS,43,362.0
1870,9.750,BS,100,362.0
1871,9.909,LT,99,362.0
1872,9.918,LT,7,362.0
1873,9.750,BT,8,362.0
1874,9.750,BT,10,362.0
1875,9.750,BT,25,362.0
1876,9.985,LT,101,362.0
1877,10.000,,60,362.0
1878,0,,75,362.0
1879,9.063,,69,365.0
1880,9.313,BS,2,365.0
1881,9.313,BS,16,365.0
1882,9.313,BS,30,365.0
1883,9.313,BS,31,365.0
1884,9.313,BE,41,365.0
1885,9.313,BS,42,365.0
1886,9.313,BS,43,365.0
1887,9.313,BS,100,365.0
1888,9.313,BS,54,365.0
1889,9.313,BS,99,365.0
1890,9.313,BS,7,365.0
1891,9.313,BE,8,365.0
1892,9.313,BS,10,365.0
1893,9.313,BS,25,365.0
1894,9.313,BS,60,365.0
1895,9.313,BS,75,365.0
1896,9.313,,101,365.0
1897,18,,2,364.0
1898,9.307,,16,364.0
1899,9.313,,30,364.0
1900,Angell,,31,364.0
1901,Corrigan,,41,364.0
1902,Greenspan,,42,364.0
1903,Guffey,,43,364.0
1904,Johnson,,100,364.0
1905,Keehn,,54,364.0
1906,Kelley,,69,364.0
1907,LaWare,,99,364.0
1908,Melzer,,8,364.0
1909,Seger,,10,364.0
1910,Syron,,25,364.0
1911,Boehne,,101,364.0
1912,Boykin,,60,364.0
1913,0,,75,364.0
1914,8.500,,69,366.0
1915,9.000,BE,2,366.0
1916,9.000,BS,16,366.0
1917,9.000,BE,30,366.0
1918,9.000,BS,31,366.0
1919,9.000,BE,41,366.0
1920,9.000,BE,42,366.0
1921,9.000,BE,43,366.0
1922,9.000,BS,100,366.0
1923,9.000,BS,54,366.0
1924,9.000,BS,99,366.0
1925,9.000,BE,7,366.0
1926,9.000,BE,8,366.0
1927,9.000,BS,10,366.0
1928,9.000,BS,25,366.0
1929,9.000,BT,101,366.0
1930,9.000,BS,60,366.0
1931,9.000,BS,75,366.0
1932,9.000,,69,367.0
1933,9.000,,2,367.0
1934,18,,16,367.0
1935,8.972,,30,367.0
1936,9.000,,31,367.0
1937,Seger,,41,367.0
1938,Angell,,42,367.0
1939,Corrigan,,43,367.0
1940,Greenspan,,100,367.0
1941,Guffey,,54,367.0
1942,Johnson,,99,367.0
1943,Keehn,,7,367.0
1944,Kelley,,8,367.0
1945,LaWare,,10,367.0
1946,Melzer,,25,367.0
1947,Syron,,101,367.0
1948,Black,,60,367.0
1949,0,,75,367.0
1950,8.000,,69,368.0
1951,8.250,BS,16,368.0
1952,8.250,BS,30,368.0
1953,8.250,BS,41,368.0
1954,8.250,BS,42,368.0
1955,8.250,BS,43,368.0
1956,8.250,BS,99,368.0
1957,8.500,,2,368.0
1958,8.500,BE,31,368.0
1959,8.500,BE,100,368.0
1960,8.500,BE,54,368.0
1961,8.250,BS,10,368.0
1962,8.250,BS,25,368.0
1963,8.500,,7,368.0
1964,8.500,BE,8,368.0
1965,8.500,BS,60,368.0
1966,8.500,BE,75,368.0
1967,9.000,,101,368.0
1968,8.500,,69,369.0
1969,18,,2,369.0
1970,8.389,,8,369.0
1971,8.375,,16,369.0
1972,Seger,,30,369.0
1973,Angell,,41,369.0
1974,Boehne,,43,369.0
1975,Corrigan,,100,369.0
1976,Greenspan,,75,369.0
1977,Johnson,,10,369.0
1978,Kelley,,101,369.0
1979,LaWare,,7,369.0
1980,Stern,,25,369.0
1981,Boykin,,31,369.0
1982,Hoskins,,42,369.0
1983,Black,,54,369.0
1984,Forrestal,,60,369.0
1985,0,,99,369.0
1986,8.250,BS,2,370.0
1987,8.250,BS,8,370.0
1988,8.250,BS,16,370.0
1989,8.250,BS,30,370.0
1990,8.250,BT,41,370.0
1991,8.250,BS,43,370.0
1992,8.250,BS,100,370.0
1993,8.250,BS,69,370.0
1994,8.250,BS,75,370.0
1995,8.400,LT,10,370.0
1996,8.500,,101,370.0
1997,8.250,BS,25,370.0
1998,8.250,BT,31,370.0
1999,8.250,BS,42,370.0
2000,8.250,BT,54,370.0
2001,8.250,BT,99,370.0
2002,8.445,LT,7,370.0
2003,8.555,LT,60,370.0
2004,8.321,,2,371.0
2005,8.250,,8,371.0
2006,18,,10,371.0
2007,8.300,,16,371.0
2008,8.250,,30,371.0
2009,Angell,,41,371.0
2010,Boehne,,43,371.0
2011,Boykin,,100,371.0
2012,Corrigan,,69,371.0
2013,Greenspan,,75,371.0
2014,Johnson,,101,371.0
2015,Kelley,,7,371.0
2016,LaWare,,25,371.0
2017,Seger,,31,371.0
2018,Stern,,42,371.0
2019,Hoskins,,54,371.0
2020,Black,,60,371.0
2021,0,,99,371.0
2022,7.923,LE,69,373.0
2023,8.250,BS,2,373.0
2024,8.250,BE,8,373.0
2025,8.250,BS,10,373.0
2026,8.250,BE,16,373.0
2027,8.250,BE,30,373.0
2028,8.250,BS,101,373.0
2029,8.250,BE,43,373.0
2030,8.250,BE,100,373.0
2031,8.250,BE,85,373.0
2032,8.250,BE,75,373.0
2033,8.250,BS,7,373.0
2034,8.250,BE,25,373.0
2035,8.250,BS,31,373.0
2036,8.250,BE,42,373.0
2037,8.250,BS,54,373.0
2038,8.250,BS,60,373.0
2039,8.250,,99,373.0
2040,18,,69,372.0
2041,8.232,,2,372.0
2042,8.250,,8,372.0
2043,Seger,,10,372.0
2044,Angell,,16,372.0
2045,Boehne,,30,372.0
2046,Boykin,,101,372.0
2047,Corrigan,,43,372.0
2048,Greenspan,,100,372.0
2049,Hoskins,,85,372.0
2050,Kelley,,75,372.0
2051,LaWare,,25,372.0
2052,Mullins,,31,372.0
2053,Stern,,42,372.0
2054,Forrestal,,54,372.0
2055,Guffey,,60,372.0
2056,0,,99,372.0
2057,7.500,,69,374.0
2058,7.750,BE,8,374.0
2059,7.750,BE,16,374.0
2060,7.750,BE,30,374.0
2061,7.750,BE,100,374.0
2062,7.750,BE,85,374.0
2063,7.922,LTb,75,374.0
2064,8.000,,2,374.0
2065,8.000,BE,10,374.0
2066,8.000,,101,374.0
2067,8.000,,43,374.0
2068,7.750,BE,25,374.0
2069,7.750,BE,42,374.0
2070,7.750,BE,99,374.0
2071,7.788,LE,7,374.0
2072,8.000,BE,31,374.0
2073,8.000,BE,54,374.0
2074,7.500,,60,374.0
2075,7.750,BE,69,374.0
2076,7.750,BE,2,374.0
2077,7.750,BE,8,374.0
2078,7.750,BE,10,374.0
2079,7.750,BE,16,374.0
2080,7.922,LTb,30,374.0
2081,8.000,,43,374.0
2082,8.000,BE,100,374.0
2083,8.000,,85,374.0
2084,8.000,,75,374.0
2085,7.750,BE,101,374.0
2086,7.750,BE,25,374.0
2087,7.750,BE,31,374.0
2088,7.788,LE,42,374.0
2089,8.000,BE,60,374.0
2090,8.000,BE,99,374.0
2091,0,,54,374.0
2092,6.755,LE,69,376.0
2093,7.000,,2,376.0
2094,7.000,BE,8,376.0
2095,7.000,BE,10,376.0
2096,7.000,BE,16,376.0
2097,7.000,BE,30,376.0
2098,7.000,BE,43,376.0
2099,7.000,BE,100,376.0
2100,7.000,BE,85,376.0
2101,7.000,BE,75,376.0
2102,7.250,,101,376.0
2103,6.750,,25,376.0
2104,7.000,BE,7,376.0
2105,7.000,BE,31,376.0
2106,7.000,BE,42,376.0
2107,7.000,,54,376.0
2108,7.000,BE,99,376.0
2109,7.248,A,60,376.0
2110,7.000,,2,377.0
2111,18,,7,377.0
2112,7.000,,16,377.0
2113,7.000,,25,377.0
2114,Angell,,30,377.0
2115,Black,,42,377.0
2116,Corrigan,,43,377.0
2117,Forrestal,,100,377.0
2118,Greenspan,,85,377.0
2119,Keehn,,60,377.0
2120,Kelley,,69,377.0
2121,LaWare,,8,377.0
2122,Mullins,,31,377.0
2123,Parry,,101,377.0
2124,Seger,,94,377.0
2125,Boehne,,54,377.0
2126,Guffey,,75,377.0
2127,0,,99,377.0
2128,6.000,BT,2,378.0
2129,6.000,BS,7,378.0
2130,6.000,BS,16,378.0
2131,6.000,BE,25,378.0
2132,6.000,BS,30,378.0
2133,6.000,BE,42,378.0
2134,6.000,BE,43,378.0
2135,6.000,BS,100,378.0
2136,6.000,BS,85,378.0
2137,6.000,BS,60,378.0
2138,6.000,BS,8,378.0
2139,6.000,BS,31,378.0
2140,6.000,BS,101,378.0
2141,6.000,BS,94,378.0
2142,6.000,BS,54,378.0
2143,6.000,BS,75,378.0
2144,6.000,BS,99,378.0
2145,6.000,,2,379.0
2146,6.000,,7,379.0
2147,17,,16,379.0
2148,6.000,,25,379.0
2149,6.000,,30,379.0
2150,Angell,,42,379.0
2151,Black,,43,379.0
2152,Corrigan,,100,379.0
2153,Forrestal,,85,379.0
2154,Greenspan,,60,379.0
2155,Keehn,,8,379.0
2156,Kelley,,31,379.0
2157,LaWare,,101,379.0
2158,Mullins,,94,379.0
2159,Parry,,54,379.0
2160,Boehne,,75,379.0
2161,0,,99,379.0
2162,5.750,BS,2,381.0
2163,5.750,BS,7,381.0
2164,5.750,BS,16,381.0
2165,5.750,BS,25,381.0
2166,5.750,BS,30,381.0
2167,5.750,BS,42,381.0
2168,5.750,BS,43,381.0
2169,5.750,BS,100,381.0
2170,5.750,BS,85,381.0
2171,5.750,BT,60,381.0
2172,5.750,BS,8,381.0
2173,5.750,BS,31,381.0
2174,5.750,BS,101,381.0
2175,5.750,BS,94,381.0
2176,5.750,BS,54,381.0
2177,5.750,BS,75,381.0
2178,5.750,BS,99,381.0
2179,5.750,,42,380.0
2180,17,,2,380.0
2181,5.750,,7,380.0
2182,5.750,,16,380.0
2183,Keehn,,25,380.0
2184,Angell,,30,380.0
2185,Black,,43,380.0
2186,Corrigan,,100,380.0
2187,Forrestal,,85,380.0
2188,Greenspan,,60,380.0
2189,Kelley,,94,380.0
2190,LaWare,,101,380.0
2191,Mullins,,8,380.0
2192,Parry,,31,380.0
2193,McTeer,,54,380.0
2194,Hoskins,,75,380.0
2195,0,,99,380.0
2196,5.250,BS,2,382.0
2197,5.250,BE,7,382.0
2198,5.250,BE,16,382.0
2199,5.250,BE,25,382.0
2200,5.250,BE,30,382.0
2201,5.250,BE,42,382.0
2202,5.250,BE,43,382.0
2203,5.250,BS,100,382.0
2204,5.250,BE,85,382.0
2205,5.250,BS,60,382.0
2206,5.018,LE,90,382.0
2207,5.250,BE,8,382.0
2208,5.250,BS,88,382.0
2209,5.250,BE,94,382.0
2210,5.250,BS,54,382.0
2211,5.250,BE,75,382.0
2212,5.250,BE,99,382.0
2213,5.217,,16,383.0
2214,5.250,,25,383.0
2215,17,,30,383.0
2216,5.236,,42,383.0
2217,5.250,,100,383.0
2218,Corrigan,,85,383.0
2219,Forrestal,,60,383.0
2220,Greenspan,,2,383.0
2221,Keehn,,7,383.0
2222,LaWare,,43,383.0
2223,Mullins,,8,383.0
2224,Parry,,90,383.0
2225,Angell,,94,383.0
2226,Black,,75,383.0
2227,Kelley,,99,383.0
2228,Boehne,,88,383.0
2229,0,,54,383.0
2230,3.893,LE,87,384.0
2231,4.000,,42,384.0
2232,4.500,BE,2,384.0
2233,4.500,BE,7,384.0
2234,4.500,BE,16,384.0
2235,4.500,BE,25,384.0
2236,4.500,BE,30,384.0
2237,4.500,BE,43,384.0
2238,4.500,BS,100,384.0
2239,4.500,BE,86,384.0
2240,4.500,BE,85,384.0
2241,4.500,BE,60,384.0
2242,4.000,,8,384.0
2243,4.000,,94,384.0
2244,4.000,,99,384.0
2245,4.500,BS,88,384.0
2246,4.500,BE,54,384.0
2247,4.500,BS,75,384.0
2248,4.500,BE,90,384.0
2249,4.500,,99,385.0
2250,19,,2,385.0
2251,4.363,,16,385.0
2252,4.500,,30,385.0
2253,Syron,,90,385.0
2254,Angell,,88,385.0
2255,Corrigan,,43,385.0
2256,Greenspan,,100,385.0
2257,Hendricks,,86,385.0
2258,Hoenig,,54,385.0
2259,Kelley,,85,385.0
2260,LaWare,,87,385.0
2261,Lindsey,,7,385.0
2262,Melzer,,8,385.0
2263,Mullins,,25,385.0
2264,Phillips,,42,385.0
2265,Black,,94,385.0
2266,Boehne,,60,385.0
2267,0,,75,385.0
2268,4.000,BS,2,386.0
2269,4.000,BE,16,386.0
2270,4.000,BE,30,386.0
2271,4.000,BE,88,386.0
2272,4.000,BS,89,386.0
2273,4.000,BS,43,386.0
2274,4.000,BE,100,386.0
2275,4.000,BE,86,386.0
2276,4.000,BS,54,386.0
2277,4.000,BE,85,386.0
2278,4.000,BE,87,386.0
2279,4.000,BE,99,386.0
2280,4.000,BE,7,386.0
2281,4.000,BE,8,386.0
2282,4.000,BE,25,386.0
2283,4.000,BE,42,386.0
2284,4.000,BS,94,386.0
2285,4.000,BS,60,386.0
2286,4.000,BS,75,386.0
2287,4.000,,2,387.0
2288,4.000,,16,387.0
2289,19,,30,387.0
2290,4.000,,88,387.0
2291,4.000,,89,387.0
2292,Angell,,43,387.0
2293,Corrigan,,100,387.0
2294,Greenspan,,86,387.0
2295,Hoenig,,54,387.0
2296,Jordan,,85,387.0
2297,Kelley,,87,387.0
2298,LaWare,,99,387.0
2299,Lindsey,,7,387.0
2300,Melzer,,8,387.0
2301,Mullins,,25,387.0
2302,Phillips,,42,387.0
2303,Syron,,94,387.0
2304,Black,,60,387.0
2305,0,,75,387.0
2306,3.473,LE,89,388.0
2307,3.500,LE,87,388.0
2308,3.530,LE,88,388.0
2309,3.636,LE,99,388.0
2310,3.750,BS,2,388.0
2311,3.750,BE,16,388.0
2312,3.750,BE,30,388.0
2313,3.750,BS,43,388.0
2314,3.750,BS,100,388.0
2315,3.750,BE,86,388.0
2316,3.750,BS,54,388.0
2317,3.750,BE,85,388.0
2318,3.250,,42,388.0
2319,3.750,BE,7,388.0
2320,3.750,BE,8,388.0
2321,3.750,BE,25,388.0
2322,3.750,BS,94,388.0
2323,3.750,BE,60,388.0
2324,3.750,BS,75,388.0
2325,3.750,,88,389.0
2326,19,,87,389.0
2327,3.678,,86,389.0
2328,3.750,,2,389.0
2329,Hoenig,,16,389.0
2330,Phillips,,30,389.0
2331,Lindsey,,89,389.0
2332,Angell,,43,389.0
2333,Corrigan,,100,389.0
2334,Greenspan,,54,389.0
2335,Jordan,,85,389.0
2336,Kelley,,99,389.0
2337,LaWare,,25,389.0
2338,Melzer,,42,389.0
2339,Mullins,,7,389.0
2340,Syron,,8,389.0
2341,Forrestal,,94,389.0
2342,Keehn,,60,389.0
2343,0,,75,389.0
2344,2.500,,87,390.0
2345,2.709,LE,88,390.0
2346,2.739,LE,86,390.0
2347,2.810,LE,99,390.0
2348,2.990,A,89,390.0
2349,3.000,BS,2,390.0
2350,3.000,BE,16,390.0
2351,3.000,BE,30,390.0
2352,3.000,BE,43,390.0
2353,3.000,BS,100,390.0
2354,3.000,BS,54,390.0
2355,3.000,BE,85,390.0
2356,2.733,LE,42,390.0
2357,2.738,LE,25,390.0
2358,2.750,,7,390.0
2359,2.750,BE,60,390.0
2360,2.800,LE,8,390.0
2361,3.000,BS,94,390.0
2362,3.000,BE,75,390.0
2363,2.825,,89,391.0
2364,2.750,,87,391.0
2365,19,,86,391.0
2366,2.869,,99,391.0
2367,2.990,,2,391.0
2368,Jordan,,16,391.0
2369,Phillips,,30,391.0
2370,Lindsey,,88,391.0
2371,Syron,,43,391.0
2372,Angell,,100,391.0
2373,Corrigan,,54,391.0
2374,Greenspan,,85,391.0
2375,Hoenig,,60,391.0
2376,Kelley,,7,391.0
2377,LaWare,,8,391.0
2378,Melzer,,25,391.0
2379,Mullins,,42,391.0
2380,Parry,,94,391.0
2381,0,,75,391.0
2382,3.000,BS,2,392.0
2383,3.000,BS,16,392.0
2384,3.000,BS,30,392.0
2385,3.000,BS,88,392.0
2386,3.000,BS,89,392.0
2387,3.000,BS,43,392.0
2388,3.000,BS,100,392.0
2389,3.000,BS,86,392.0
2390,3.000,BT,54,392.0
2391,3.000,BS,85,392.0
2392,3.000,BS,87,392.0
2393,3.000,BS,99,392.0
2394,3.000,BS,8,392.0
2395,3.000,BS,92,392.0
2396,3.000,BS,25,392.0
2397,3.000,BS,42,392.0
2398,3.000,BS,94,392.0
2399,3.000,BS,60,392.0
2400,3.000,BS,75,392.0
2401,3.000,,2,393.0
2402,19,,8,393.0
2403,3.000,,16,393.0
2404,3.000,,30,393.0
2405,Angell,,42,393.0
2406,Boehne,,43,393.0
2407,Corrigan,,100,393.0
2408,Greenspan,,86,393.0
2409,Keehn,,94,393.0
2410,Kelley,,85,393.0
2411,LaWare,,87,393.0
2412,Lindsey,,75,393.0
2413,McTeer,,89,393.0
2414,Mullins,,92,393.0
2415,Phillips,,25,393.0
2416,Stern,,88,393.0
2417,Jordan,,54,393.0
2418,Broaddus,,60,393.0
2419,0,,99,393.0
2420,3.000,BS,8,394.0
2421,3.000,BS,16,394.0
2422,3.000,BS,30,394.0
2423,3.000,BS,42,394.0
2424,3.000,BS,43,394.0
2425,3.000,BS,100,394.0
2426,3.000,BS,94,394.0
2427,3.000,BS,85,394.0
2428,3.000,BS,87,394.0
2429,3.000,BS,75,394.0
2430,3.304,LT,86,394.0
2431,3.500,,2,394.0
2432,3.000,BS,92,394.0
2433,3.000,BS,25,394.0
2434,3.000,BS,88,394.0
2435,3.000,BS,54,394.0
2436,3.000,BS,60,394.0
2437,3.000,BS,99,394.0
2438,3.003,A,89,394.0
2439,3.000,,8,395.0
2440,3.000,,16,395.0
2441,19,,30,395.0
2442,3.042,,42,395.0
2443,3.000,,43,395.0
2444,Boehne,,100,395.0
2445,Corrigan,,94,395.0
2446,Greenspan,,87,395.0
2447,Keehn,,85,395.0
2448,Kelley,,75,395.0
2449,LaWare,,86,395.0
2450,McTeer,,2,395.0
2451,Phillips,,25,395.0
2452,Mullins,,88,395.0
2453,Stern,,60,395.0
2454,Lindsey,,99,395.0
2455,Angell,,54,395.0
2456,Forrestal,,92,395.0
2457,0,,89,395.0
2458,3.000,BT,8,396.0
2459,3.000,BT,30,396.0
2460,3.000,BS,42,396.0
2461,3.000,BT,43,396.0
2462,3.000,BT,100,396.0
2463,3.000,BT,86,396.0
2464,3.000,BT,94,396.0
2465,3.000,,85,396.0
2466,3.000,BT,97,396.0
2467,3.000,BT,87,396.0
2468,3.000,BT,75,396.0
2469,3.190,LT,2,396.0
2470,3.000,BT,92,396.0
2471,3.000,BS,25,396.0
2472,3.000,BS,88,396.0
2473,3.000,BT,54,396.0
2474,3.000,BT,60,396.0
2475,3.000,BT,99,396.0
2476,3.292,LT,89,396.0
2477,3.016,,2,397.0
2478,3.000,,8,397.0
2479,3.000,,30,397.0
2480,Angell,,42,397.0
2481,Boehne,,43,397.0
2482,Greenspan,,100,397.0
2483,Keehn,,86,397.0
2484,Kelley,,93,397.0
2485,LaWare,,94,397.0
2486,Lindsey,,85,397.0
2487,McDonough,,87,397.0
2488,McTeer,,75,397.0
2489,Mullins,,99,397.0
2490,Phillips,,92,397.0
2491,Stern,,25,397.0
2492,Syron,,88,397.0
2493,Broaddus,,54,397.0
2494,Forrestal,,60,397.0
2495,0,,89,397.0
2496,3.000,BS,2,398.0
2497,3.000,BS,8,398.0
2498,3.000,BS,30,398.0
2499,3.000,BS,42,398.0
2500,3.000,BS,43,398.0
2501,3.000,BS,100,398.0
2502,3.000,BS,86,398.0
2503,3.000,BS,93,398.0
2504,3.000,BS,94,398.0
2505,3.000,BS,85,398.0
2506,3.000,BS,87,398.0
2507,3.000,BS,75,398.0
2508,3.000,BS,92,398.0
2509,3.000,BS,25,398.0
2510,3.000,BS,88,398.0
2511,3.000,BS,54,398.0
2512,3.000,BS,60,398.0
2513,3.000,BS,99,398.0
2514,3.000,,8,399.0
2515,3.000,,30,399.0
2516,18,,42,399.0
2517,3.000,,43,399.0
2518,3.000,,100,399.0
2519,Boehne,,86,399.0
2520,Greenspan,,94,399.0
2521,Keehn,,85,399.0
2522,Kelley,,87,399.0
2523,LaWare,,75,399.0
2524,Lindsey,,93,399.0
2525,McTeer,,2,399.0
2526,Mullins,,92,399.0
2527,Phillips,,25,399.0
2528,Stern,,88,399.0
2529,McDonough,,89,399.0
2530,Angell,,54,399.0
2531,Broaddus,,60,399.0
2532,0,,99,399.0
2533,3.000,BS,93,400.0
2534,3.000,BS,8,400.0
2535,3.000,BS,30,400.0
2536,3.000,BS,42,400.0
2537,3.000,BS,43,400.0
2538,3.000,BS,100,400.0
2539,3.000,BS,85,400.0
2540,3.000,BS,75,400.0
2541,3.250,,86,400.0
2542,3.378,LT,94,400.0
2543,3.500,,2,400.0
2544,3.526,LT,87,400.0
2545,3.000,BS,25,400.0
2546,3.000,BS,89,400.0
2547,3.000,BT,60,400.0
2548,3.000,BS,99,400.0
2549,3.250,,92,400.0
2550,3.338,LT,54,400.0
2551,McDonough,,88,400.0
2552,Broaddus,,25,401.0
2553,Jordan,,30,401.0
2554,LaWare,,43,401.0
2555,Lindsey,,93,401.0
2556,Parry,,92,401.0
2557,Phillips,,89,401.0
2558,Boehne,,100,401.0
2559,Keehn,,86,401.0
2560,Syron,,60,401.0
2561,Hoenig,,87,401.0
2562,McTeer,,8,401.0
2563,Melzer,,42,401.0
2564,Stern,,99,401.0
2565,Stern,,88,401.0
2566,Committee,bias,94,401.0
2567,Status,quo,54,401.0
2568,Number,(voters),75,401.0
2569,3.500,BT,25,402.0
2570,3.500,BS,30,402.0
2571,3.500,BS,43,402.0
2572,3.500,BS,86,402.0
2573,3.500,BS,93,402.0
2574,3.736,LTd,87,402.0
2575,3.750,,89,402.0
2576,3.750,BS,92,402.0
2577,3.750,,100,402.0
2578,3.500,BS,60,402.0
2579,3.500,BS,88,402.0
2580,3.500,BS,42,402.0
2581,3.500,BS,94,402.0
2582,3.500,BS,95,402.0
2583,3.750,,75,402.0
2584,3.750,,8,402.0
2585,3.500,BT,54,402.0
2586,3.500,BS,89,402.0
2587,3.500,BS,92,402.0
2588,3.500,BS,25,402.0
2589,3.500,BS,30,402.0
2590,3.736,LTd,43,402.0
2591,3.750,,100,402.0
2592,3.750,BS,86,402.0
2593,3.750,,93,402.0
2594,3.500,BS,60,402.0
2595,3.500,BS,87,402.0
2596,3.500,BS,8,402.0
2597,3.500,BS,88,402.0
2598,3.500,BS,42,402.0
2599,3.750,,94,402.0
2600,3.750,,54,402.0
2601,3.750,,95,402.0
2602,0,,75,402.0
2603,4.250,BT,91,404.0
2604,4.250,BS,25,404.0
2605,4.250,BT,30,404.0
2606,4.250,BS,89,404.0
2607,4.250,BT,43,404.0
2608,4.250,BT,100,404.0
2609,4.250,BS,86,404.0
2610,4.250,BT,93,404.0
2611,4.250,BT,60,404.0
2612,4.250,BS,87,404.0
2613,4.750,,92,404.0
2614,4.250,,8,404.0
2615,4.250,BT,88,404.0
2616,4.250,BS,42,404.0
2617,4.250,BT,94,404.0
2618,4.250,BS,95,404.0
2619,4.250,BS,75,404.0
2620,4.750,,54,404.0
2621,4.295,,93,405.0
2622,4.250,,91,405.0
2623,4.250,,92,405.0
2624,McDonough,,25,405.0
2625,Blinder,,30,405.0
2626,Broaddus,,89,405.0
2627,Forrestal,,43,405.0
2628,Greenspan,,100,405.0
2629,Jordan,,86,405.0
2630,Kelley,,60,405.0
2631,LaWare,,87,405.0
2632,Lindsey,,98,405.0
2633,Parry,,8,405.0
2634,Phillips,,88,405.0
2635,Yellen,,94,405.0
2636,Boehne,,54,405.0
2637,Conrad,,95,405.0
2638,0,,75,405.0
2639,4.750,BT,91,406.0
2640,4.750,BT,25,406.0
2641,4.750,BT,30,406.0
2642,4.750,BS,89,406.0
2643,4.750,BT,43,406.0
2644,4.750,BT,100,406.0
2645,4.750,BT,86,406.0
2646,4.750,BT,93,406.0
2647,4.750,BT,60,406.0
2648,4.750,BT,87,406.0
2649,4.750,BT,98,406.0
2650,5.250,,92,406.0
2651,4.750,BT,8,406.0
2652,4.750,BT,88,406.0
2653,4.750,BS,94,406.0
2654,4.750,BT,95,406.0
2655,4.750,BT,96,406.0
2656,5.250,,54,406.0
2657,5.250,,75,406.0
2658,4.893,,93,407.0
2659,4.750,,91,407.0
2660,19,,98,407.0
2661,4.792,,92,407.0
2662,4.750,,25,407.0
2663,McDonough,,30,407.0
2664,Blinder,,89,407.0
2665,Yellen,,43,407.0
2666,Broaddus,,100,407.0
2667,Forrestal,,86,407.0
2668,Greenspan,,60,407.0
2669,Jordan,,87,407.0
2670,Kelley,,8,407.0
2671,LaWare,,88,407.0
2672,Lindsey,,94,407.0
2673,Parry,,54,407.0
2674,Phillips,,95,407.0
2675,Boehne,,96,407.0
2676,0,,75,407.0
2677,5.500,BS,91,408.0
2678,5.500,BT,25,408.0
2679,5.500,BT,30,408.0
2680,5.500,BS,43,408.0
2681,5.500,BT,86,408.0
2682,5.500,BT,93,408.0
2683,5.500,BS,87,408.0
2684,5.519,A,98,408.0
2685,5.750,,89,408.0
2686,6.000,BS,92,408.0
2687,6.000,,100,408.0
2688,5.500,BT,60,408.0
2689,5.500,BT,94,408.0
2690,5.500,BT,54,408.0
2691,5.500,BS,96,408.0
2692,5.865,LT,75,408.0
2693,6.000,,88,408.0
2694,6.000,,95,408.0
2695,McDonough,,91,
2696,Melzer,,98,
2697,Minehan,,30,
2698,Moskow,,88,
2699,Phillips,,43,
2700,Boehne,,100,
2701,Broaddus,,86,
2702,Forrestal,,93,
2703,Jordan,,54,
2704,McTeer,,95,
2705,Parry,,96,
2706,Stern,,87,
2707,5.500,BT,8,
2708,5.500,BT,92,
2709,6.000,BS,25,
2710,6.000,BS,89,
2711,6.000,BS,94,
2712,6.000,BS,60,
2713,0,,75,
2714,6.000,,91,410.0
2715,6.000,BT,30,410.0
2716,6.000,BT,88,410.0
2717,6.000,BT,43,410.0
2718,6.000,BS,86,410.0
2719,6.000,BT,93,410.0
2720,6.000,BT,54,410.0
2721,6.000,BT,96,410.0
2722,6.000,BT,87,410.0
2723,6.000,BS,98,410.0
2724,6.187,LT,95,410.0
2725,6.000,BT,8,410.0
2726,6.000,BT,92,410.0
2727,6.000,BS,25,410.0
2728,6.000,BT,89,410.0
2729,6.000,BT,94,410.0
2730,6.000,BS,75,410.0
2731,6.252,LT,60,410.0
2732,6.036,,91,411.0
2733,6.000,,30,411.0
2734,18,,88,411.0
2735,6.017,,43,411.0
2736,6.000,,86,411.0
2737,Blinder,,93,411.0
2738,Greenspan,,54,411.0
2739,Hoenig,,95,411.0
2740,Kelley,,96,411.0
2741,Lindsey,,87,411.0
2742,McDonough,,98,411.0
2743,Melzer,,8,411.0
2744,Minehan,,92,411.0
2745,Moskow,,25,411.0
2746,Phillips,,89,411.0
2747,Yellen,,94,411.0
2748,Boehne,,60,411.0
2749,0,,75,411.0
2750,5.500,BS,91,412.0
2751,5.500,,98,412.0
2752,5.750,BE,30,412.0
2753,5.750,BS,43,412.0
2754,5.750,BE,86,412.0
2755,5.750,BE,93,412.0
2756,5.750,BE,96,412.0
2757,5.750,BS,87,412.0
2758,6.000,BE,88,412.0
2759,6.000,,54,412.0
2760,6.000,BE,95,412.0
2761,5.500,,94,412.0
2762,5.500,BS,60,412.0
2763,5.636,LEe,25,412.0
2764,5.750,BE,8,412.0
2765,5.750,,92,412.0
2766,5.750,BS,75,412.0
2767,5.750,,89,412.0
2768,7,,91,413.0
2769,5.696,,30,413.0
2770,5.750,,88,413.0
2771,18,,43,413.0
2772,5.773,,86,413.0
2773,5.750,,93,413.0
2774,5.750,,54,413.0
2775,Blinder,,95,413.0
2776,Greenspan,,96,413.0
2777,Hoenig,,87,413.0
2778,Kelley,,98,413.0
2779,Lindsey,,8,413.0
2780,McDonough,,92,413.0
2781,Melzer,,25,413.0
2782,Minehan,,89,413.0
2783,Moskow,,60,413.0
2784,0,,75,413.0
2785,5.562,LE,98,414.0
2786,5.750,BS,91,414.0
2787,5.750,BS,30,414.0
2788,5.750,BS,88,414.0
2789,5.750,BS,43,414.0
2790,5.750,BS,86,414.0
2791,5.750,BS,93,414.0
2792,5.750,BS,54,414.0
2793,5.750,BS,95,414.0
2794,5.750,BS,96,414.0
2795,5.750,BS,87,414.0
2796,5.500,,25,414.0
2797,5.750,BS,8,414.0
2798,5.750,BS,92,414.0
2799,5.750,BS,89,414.0
2800,5.750,BS,94,414.0
2801,5.750,BS,60,414.0
2802,5.750,BS,75,414.0
2803,5.714,,91,415.0
2804,5.750,,86,415.0
2805,18,,30,415.0
2806,5.733,,88,415.0
2807,5.750,,43,415.0
2808,Blinder,,93,415.0
2809,Lindsey,,54,415.0
2810,Greenspan,,95,415.0
2811,Hoenig,,96,415.0
2812,Kelley,,87,415.0
2813,McDonough,,98,415.0
2814,Melzer,,25,415.0
2815,Minehan,,8,415.0
2816,Moskow,,92,415.0
2817,Phillips,,89,415.0
2818,Yellen,,94,415.0
2819,Forrestal,,60,415.0
2820,0,,75,415.0
2821,5.500,BS,91,416.0
2822,5.500,BS,30,416.0
2823,5.500,BS,43,416.0
2824,5.500,BS,86,416.0
2825,5.500,BS,93,416.0
2826,5.500,BS,98,416.0
2827,5.542,LE,87,416.0
2828,5.750,,88,416.0
2829,5.750,,54,416.0
2830,5.750,,95,416.0
2831,5.750,,96,416.0
2832,5.500,BS,8,416.0
2833,5.500,BS,9999,416.0
2834,5.500,,89,416.0
2835,5.500,BS,94,416.0
2836,5.500,BS,60,416.0
2837,5.750,,92,416.0
2838,Lindsey,,75,416.0
2839,McDonough,,89,417.0
2840,McTeer,,8,417.0
2841,Phillips,,30,417.0
2842,Stern,,43,417.0
2843,Yellen,,86,417.0
2844,Guynn,,93,417.0
2845,Broaddus,,94,417.0
2846,Hoenig,,87,417.0
2847,Melzer,,75,417.0
2848,Minehan,,98,417.0
2849,Moskow,,9999,417.0
2850,Parry,,92,417.0
2851,Parry,,88,417.0
2852,Committee,bias,54,417.0
2853,Status,quo,95,417.0
2854,Number,(voters),96,417.0
2855,0,,60,417.0
2856,5.250,BS,8,418.0
2857,5.250,BS,30,418.0
2858,5.250,,89,418.0
2859,5.250,BS,43,418.0
2860,5.250,BS,86,418.0
2861,5.250,BS,93,418.0
2862,5.250,BS,94,418.0
2863,5.250,BS,87,418.0
2864,5.250,BS,75,418.0
2865,5.250,BS,98,418.0
2866,5.250,,92,418.0
2867,5.250,BS,9999,418.0
2868,5.250,BS,88,418.0
2869,5.250,BS,54,418.0
2870,5.250,BS,95,418.0
2871,5.250,BS,96,418.0
2872,5.250,,60,418.0
2873,5.250,,8,419.0
2874,5.250,,30,419.0
2875,17,,89,419.0
2876,5.250,,43,419.0
2877,5.250,,86,419.0
2878,Boehne,,93,419.0
2879,Greenspan,,94,419.0
2880,Jordan,,87,419.0
2881,Kelley,,75,419.0
2882,Lindsey,,98,419.0
2883,McDonough,,9999,419.0
2884,McTeer,,96,419.0
2885,Phillips,,92,419.0
2886,Stern,,54,419.0
2887,Yellen,,95,419.0
2888,Guynn,,60,419.0
2889,0,,88,419.0
